{"Episode duration": 39, "Episode number": 174, "_timestamp": 1711988836.106997, "_runtime": 2678.9324679374695, "_step": 4402, "Loss:": 1.003305196762085, "_wandb": {"runtime": 2159}}