{"Episode duration": 232, "Episode number": 363, "_timestamp": 1711989834.723972, "_runtime": 932.4555289745331, "_step": 1833, "Loss:": 0.7153455018997192}